ratio,cent_y,cent_x,eccentricity,solidity,skew_x,skew_y,kurt_x,kurt_y,output
0.14762403846764616,0.37939449229830335,0.3899444605664462,0.9382628652377395,0.23229914239449853,-0.15789935216135667,-0.0959067895305668,-1.1848351296239825,-0.7732820542039014,1
0.13761191418211513,0.45157209771383144,0.46170710069668713,0.9355287818637932,0.18082826396123527,0.1891085631356704,-0.18512017547629847,-1.232042371433422,-0.7395337552361991,1
0.19658499147849942,0.5895080053365576,0.5752557029349719,0.8943421582101841,0.2845739629025917,-0.048265139775609665,-0.2922806158027203,-1.1489511609270222,-0.8529855586908268,1
0.11197357859326842,0.5346073744724956,0.3870237466776021,0.9242079882238001,0.16487692560319175,0.2229264982828058,0.11013782101728703,-0.9579414762237204,-0.9409870154808684,0
0.10550605257855082,0.594917756809067,0.38104537043129966,0.9072103728495813,0.1669414417917412,0.5947974810202294,-0.13596451000336301,-0.3755279585367859,-0.8627837904094058,0
0.1071275869017137,0.5162146322951793,0.3398350191880665,0.9374150215986286,0.17997324922802557,0.3938824310260138,-0.17849705350192835,-0.780670710286544,-0.8246084325442395,0
